id,firstName,lastName,birthdate
1,Annie,Barnett,1962-12-28
2,Troy,Allison,1974-12-24
3,Jeff,Taylor,1995-07-21
4,Louise,Barton,1997-03-04
5,Elijah,Armstrong,1961-11-14
6,Cecelia,Newman,1970-10-04
7,Lou,Lane,2000-07-27
8,Gilbert,Fitzgerald,1965-10-01
9,Edward,Evans,1984-02-23
10,Bettie,Pena,1962-08-11
11,Amanda,Mason,1998-02-06
12,Ryan,McGuire,1995-08-16
13,Alvin,Fleming,1991-03-14
14,Melvin,Davis,1984-03-07
15,Lloyd,Schmidt,1979-05-01
16,Grace,James,1955-02-19
17,Glenn,Chapman,1999-05-18
18,Mason,Hoffman,1967-10-27
19,Todd,Brown,1989-06-11
20,Ella,Obrien,1979-12-13
21,Bess,Houston,1982-12-15
22,Olivia,Henry,1994-07-27
23,Anthony,Houston,1994-11-23
24,Walter,Butler,1973-03-11
25,Zachary,Stanley,1960-06-09
26,Francisco,French,1957-07-12
27,Vera,Riley,1986-02-24
28,Hilda,Phillips,1996-03-14
29,Delia,Parker,1990-08-06
30,Gary,Goodwin,1955-11-28
31,Hannah,Hart,1987-12-23
32,Mamie,Snyder,1997-12-13
33,Alex,Hansen,1988-09-01
34,Hulda,Burgess,1958-11-27
35,Carrie,Jones,1984-03-13
36,Katherine,Love,1963-01-21
37,Francis,Hines,1966-10-23
38,Jeff,Atkins,1971-11-21
39,Flora,Greene,1971-08-28
40,Lucy,Duncan,1983-05-14
41,Jessie,Walters,1973-01-01
42,Effie,Pratt,1997-10-15
43,Oscar,Park,1996-08-29
44,Aiden,Ramsey,1982-02-22
45,Vincent,Moore,1974-07-03
46,Mike,Sandoval,1973-02-03
47,Jayden,Sanchez,1994-06-23
48,Arthur,Lawrence,1957-05-12
49,Johanna,Harrison,1967-12-14
50,Bess,Delgado,1956-04-19
51,Elmer,Wade,1986-11-23
52,Lulu,Brooks,1956-06-22
53,Michael,Bowers,1990-06-13
54,Lilly,Cummings,2000-02-10
55,Lloyd,Gutierrez,1986-01-12
56,Ryan,Byrd,1964-01-24
57,Adele,Goodwin,1984-11-27
58,Emilie,Reyes,1959-04-11
59,Gavin,Todd,1971-04-22
60,Jessie,Brooks,2000-07-20
61,Marion,Strickland,1979-12-27
62,Milton,Watson,1969-11-05
63,Susan,Howard,2000-07-11
64,Melvin,Montgomery,1954-08-28
65,Virginia,Kim,1998-01-02
66,Olivia,Robbins,1963-06-02
67,Glen,Gomez,1968-08-22
68,Gene,Mason,1962-08-12
69,Keith,Love,1970-05-25
70,Olga,Osborne,1967-06-21
71,Herman,Shaw,1996-08-28
72,Daisy,Hardy,1957-09-02
73,Eugenia,Roy,1964-06-22
74,Daniel,May,1987-10-06
75,Pearl,Jordan,1997-04-21
76,Hester,Rivera,1959-12-18
77,Leonard,Bradley,1972-08-03
78,Dominic,Hawkins,1977-02-28
79,Janie,Warren,1955-06-29
80,Louisa,Collier,1966-04-19
81,Margaret,Warren,1974-09-28
82,Ray,McKenzie,1956-07-02
83,Lola,Holland,1975-09-30
84,Max,Carter,1979-05-16
85,Emily,Cooper,1992-02-14
86,Larry,Dawson,1967-09-24
87,Sarah,McCarthy,1980-02-22
88,Minnie,Hammond,1974-06-11
89,Sue,Mendez,1990-10-01
90,Jim,Clark,1988-07-27
91,Seth,Singleton,2001-08-04
92,Marian,Copeland,1982-07-23
93,Sara,Hunt,1984-03-07
94,Trevor,Ortega,1987-11-14
95,Tillie,Hansen,1980-09-07
96,Emilie,Snyder,1990-08-30
97,Eva,Gross,1972-02-18
98,Lois,Steele,1997-02-01
99,Frederick,Thompson,1967-11-09
100,Barry,Maxwell,1986-08-31
